g1@g.com,Abc.123456
g2@g.com,Abc.123457
g3@g.com,Abc.123458
g4@g.com,Abc.123459
g5@g.com,Abc.123460
g6@g.com,Abc.123461
g7@g.com,Abc.123462
g8@g.com,Abc.123463
g9@g.com,Abc.123464
g10@g.com,Abc.123465
g11@g.com,Abc.123466
g12@g.com,Abc.123467
g13@g.com,Abc.123468
g14@g.com,Abc.123469
g15@g.com,Abc.123470
g16@g.com,Abc.123471
g17@g.com,Abc.123472
g18@g.com,Abc.123473
g19@g.com,Abc.123474
g20@g.com,Abc.123475
g21@g.com,Abc.123476
g22@g.com,Abc.123477
g23@g.com,Abc.123478
g24@g.com,Abc.123479
g25@g.com,Abc.123480
g26@g.com,Abc.123481
g27@g.com,Abc.123482
g28@g.com,Abc.123483
g29@g.com,Abc.123484
g30@g.com,Abc.123485
g31@g.com,Abc.123486
g32@g.com,Abc.123487
g33@g.com,Abc.123488
g34@g.com,Abc.123489
g35@g.com,Abc.123490
g36@g.com,Abc.123491
g37@g.com,Abc.123492
g38@g.com,Abc.123493
g39@g.com,Abc.123494
g40@g.com,Abc.123495
g41@g.com,Abc.123496
g42@g.com,Abc.123497
g43@g.com,Abc.123498
g44@g.com,Abc.123499
g45@g.com,Abc.123500
g46@g.com,Abc.123501
g47@g.com,Abc.123502
g48@g.com,Abc.123503
g49@g.com,Abc.123504
g50@g.com,Abc.123505
g51@g.com,Abc.123506
g52@g.com,Abc.123507
g53@g.com,Abc.123508
g54@g.com,Abc.123509
g55@g.com,Abc.123510
g56@g.com,Abc.123511
g57@g.com,Abc.123512
g58@g.com,Abc.123513
g59@g.com,Abc.123514
g60@g.com,Abc.123515
g61@g.com,Abc.123516
g62@g.com,Abc.123517
g63@g.com,Abc.123518
g64@g.com,Abc.123519
g65@g.com,Abc.123520
g66@g.com,Abc.123521
g67@g.com,Abc.123522
g68@g.com,Abc.123523
g69@g.com,Abc.123524
g70@g.com,Abc.123525
g71@g.com,Abc.123526
g72@g.com,Abc.123527
g73@g.com,Abc.123528
g74@g.com,Abc.123529
g75@g.com,Abc.123530
g76@g.com,Abc.123531
g77@g.com,Abc.123532
g78@g.com,Abc.123533
g79@g.com,Abc.123534
g80@g.com,Abc.123535
g81@g.com,Abc.123536
g82@g.com,Abc.123537
g83@g.com,Abc.123538
g84@g.com,Abc.123539
g85@g.com,Abc.123540
g86@g.com,Abc.123541
g87@g.com,Abc.123542
g88@g.com,Abc.123543
g89@g.com,Abc.123544
g90@g.com,Abc.123545
g91@g.com,Abc.123546
g92@g.com,Abc.123547
g93@g.com,Abc.123548
g94@g.com,Abc.123549
g95@g.com,Abc.123550
g96@g.com,Abc.123551
g97@g.com,Abc.123552
g98@g.com,Abc.123553
g99@g.com,Abc.123554
g100@g.com,Abc.123555
g101@g.com,Abc.123556
g102@g.com,Abc.123557
g103@g.com,Abc.123558
g104@g.com,Abc.123559
g105@g.com,Abc.123560
g106@g.com,Abc.123561
g107@g.com,Abc.123562
g108@g.com,Abc.123563
g109@g.com,Abc.123564
g110@g.com,Abc.123565
g111@g.com,Abc.123566
g112@g.com,Abc.123567
g113@g.com,Abc.123568
g114@g.com,Abc.123569
g115@g.com,Abc.123570
g116@g.com,Abc.123571
g117@g.com,Abc.123572
g118@g.com,Abc.123573
g119@g.com,Abc.123574
g120@g.com,Abc.123575
g121@g.com,Abc.123576
g122@g.com,Abc.123577
g123@g.com,Abc.123578
g124@g.com,Abc.123579
g125@g.com,Abc.123580
g126@g.com,Abc.123581
g127@g.com,Abc.123582
g128@g.com,Abc.123583
g129@g.com,Abc.123584
g130@g.com,Abc.123585
g131@g.com,Abc.123586
g132@g.com,Abc.123587
g133@g.com,Abc.123588
g134@g.com,Abc.123589
g135@g.com,Abc.123590
g136@g.com,Abc.123591
g137@g.com,Abc.123592
g138@g.com,Abc.123593
g139@g.com,Abc.123594
g140@g.com,Abc.123595
g141@g.com,Abc.123596
g142@g.com,Abc.123597
g143@g.com,Abc.123598
g144@g.com,Abc.123599
g145@g.com,Abc.123600
g146@g.com,Abc.123601
g147@g.com,Abc.123602
g148@g.com,Abc.123603
g149@g.com,Abc.123604
g150@g.com,Abc.123605
g151@g.com,Abc.123606
g152@g.com,Abc.123607
g153@g.com,Abc.123608
g154@g.com,Abc.123609
g155@g.com,Abc.123610
g156@g.com,Abc.123611
g157@g.com,Abc.123612
g158@g.com,Abc.123613
g159@g.com,Abc.123614
g160@g.com,Abc.123615
g161@g.com,Abc.123616
g162@g.com,Abc.123617
g163@g.com,Abc.123618
g164@g.com,Abc.123619
g165@g.com,Abc.123620
g166@g.com,Abc.123621
g167@g.com,Abc.123622
g168@g.com,Abc.123623
g169@g.com,Abc.123624
g170@g.com,Abc.123625
g171@g.com,Abc.123626
g172@g.com,Abc.123627
g173@g.com,Abc.123628
g174@g.com,Abc.123629
g175@g.com,Abc.123630
g176@g.com,Abc.123631
g177@g.com,Abc.123632
g178@g.com,Abc.123633
g179@g.com,Abc.123634
g180@g.com,Abc.123635
g181@g.com,Abc.123636
g182@g.com,Abc.123637
g183@g.com,Abc.123638
g184@g.com,Abc.123639
g185@g.com,Abc.123640
g186@g.com,Abc.123641
g187@g.com,Abc.123642
g188@g.com,Abc.123643
g189@g.com,Abc.123644
g190@g.com,Abc.123645
g191@g.com,Abc.123646
g192@g.com,Abc.123647
g193@g.com,Abc.123648
g194@g.com,Abc.123649
g195@g.com,Abc.123650
g196@g.com,Abc.123651
g197@g.com,Abc.123652
g198@g.com,Abc.123653
g199@g.com,Abc.123654
g200@g.com,Abc.123655
g201@g.com,Abc.123656
g202@g.com,Abc.123657
g203@g.com,Abc.123658
g204@g.com,Abc.123659
g205@g.com,Abc.123660
g206@g.com,Abc.123661
g207@g.com,Abc.123662
g208@g.com,Abc.123663
g209@g.com,Abc.123664
g210@g.com,Abc.123665
g211@g.com,Abc.123666
g212@g.com,Abc.123667
g213@g.com,Abc.123668
g214@g.com,Abc.123669
g215@g.com,Abc.123670
g216@g.com,Abc.123671
g217@g.com,Abc.123672
g218@g.com,Abc.123673
g219@g.com,Abc.123674
g220@g.com,Abc.123675
g221@g.com,Abc.123676
g222@g.com,Abc.123677
g223@g.com,Abc.123678
g224@g.com,Abc.123679
g225@g.com,Abc.123680
g226@g.com,Abc.123681
g227@g.com,Abc.123682
g228@g.com,Abc.123683
g229@g.com,Abc.123684
g230@g.com,Abc.123685
g231@g.com,Abc.123686
g232@g.com,Abc.123687
g233@g.com,Abc.123688
g234@g.com,Abc.123689
g235@g.com,Abc.123690
g236@g.com,Abc.123691
g237@g.com,Abc.123692
g238@g.com,Abc.123693
g239@g.com,Abc.123694
g240@g.com,Abc.123695
g241@g.com,Abc.123696
g242@g.com,Abc.123697
g243@g.com,Abc.123698
g244@g.com,Abc.123699
g245@g.com,Abc.123700
g246@g.com,Abc.123701
g247@g.com,Abc.123702
g248@g.com,Abc.123703
g249@g.com,Abc.123704
g250@g.com,Abc.123705
g251@g.com,Abc.123706
g252@g.com,Abc.123707
g253@g.com,Abc.123708
g254@g.com,Abc.123709
g255@g.com,Abc.123710
g256@g.com,Abc.123711
g257@g.com,Abc.123712
g258@g.com,Abc.123713
g259@g.com,Abc.123714
g260@g.com,Abc.123715
g261@g.com,Abc.123716
g262@g.com,Abc.123717
g263@g.com,Abc.123718
g264@g.com,Abc.123719
g265@g.com,Abc.123720
g266@g.com,Abc.123721
g267@g.com,Abc.123722
g268@g.com,Abc.123723
g269@g.com,Abc.123724
g270@g.com,Abc.123725
g271@g.com,Abc.123726
g272@g.com,Abc.123727
g273@g.com,Abc.123728
g274@g.com,Abc.123729
g275@g.com,Abc.123730
g276@g.com,Abc.123731
g277@g.com,Abc.123732
g278@g.com,Abc.123733
g279@g.com,Abc.123734
g280@g.com,Abc.123735
g281@g.com,Abc.123736
g282@g.com,Abc.123737
g283@g.com,Abc.123738
g284@g.com,Abc.123739
g285@g.com,Abc.123740
g286@g.com,Abc.123741
g287@g.com,Abc.123742
g288@g.com,Abc.123743
g289@g.com,Abc.123744
g290@g.com,Abc.123745
g291@g.com,Abc.123746
g292@g.com,Abc.123747
g293@g.com,Abc.123748
g294@g.com,Abc.123749
g295@g.com,Abc.123750
g296@g.com,Abc.123751
g297@g.com,Abc.123752
g298@g.com,Abc.123753
g299@g.com,Abc.123754
g300@g.com,Abc.123755
g301@g.com,Abc.123756
g302@g.com,Abc.123757
g303@g.com,Abc.123758
g304@g.com,Abc.123759
g305@g.com,Abc.123760
g306@g.com,Abc.123761
g307@g.com,Abc.123762
g308@g.com,Abc.123763
g309@g.com,Abc.123764
g310@g.com,Abc.123765
g311@g.com,Abc.123766
g312@g.com,Abc.123767
g313@g.com,Abc.123768
g314@g.com,Abc.123769
g315@g.com,Abc.123770
g316@g.com,Abc.123771
g317@g.com,Abc.123772
g318@g.com,Abc.123773
g319@g.com,Abc.123774
g320@g.com,Abc.123775
g321@g.com,Abc.123776
g322@g.com,Abc.123777
g323@g.com,Abc.123778
g324@g.com,Abc.123779
g325@g.com,Abc.123780
g326@g.com,Abc.123781
g327@g.com,Abc.123782
g328@g.com,Abc.123783
g329@g.com,Abc.123784
g330@g.com,Abc.123785
g331@g.com,Abc.123786
g332@g.com,Abc.123787
g333@g.com,Abc.123788
g334@g.com,Abc.123789
g335@g.com,Abc.123790
g336@g.com,Abc.123791
g337@g.com,Abc.123792
g338@g.com,Abc.123793
g339@g.com,Abc.123794
g340@g.com,Abc.123795
g341@g.com,Abc.123796
g342@g.com,Abc.123797
g343@g.com,Abc.123798
g344@g.com,Abc.123799
g345@g.com,Abc.123800
g346@g.com,Abc.123801
g347@g.com,Abc.123802
g348@g.com,Abc.123803
g349@g.com,Abc.123804
g350@g.com,Abc.123805
g351@g.com,Abc.123806
g352@g.com,Abc.123807
g353@g.com,Abc.123808
g354@g.com,Abc.123809
g355@g.com,Abc.123810
g356@g.com,Abc.123811
g357@g.com,Abc.123812
g358@g.com,Abc.123813
g359@g.com,Abc.123814
g360@g.com,Abc.123815
g361@g.com,Abc.123816
g362@g.com,Abc.123817
g363@g.com,Abc.123818
g364@g.com,Abc.123819
g365@g.com,Abc.123820
g366@g.com,Abc.123821
g367@g.com,Abc.123822
g368@g.com,Abc.123823
g369@g.com,Abc.123824
g370@g.com,Abc.123825
g371@g.com,Abc.123826
g372@g.com,Abc.123827
g373@g.com,Abc.123828
g374@g.com,Abc.123829
g375@g.com,Abc.123830
g376@g.com,Abc.123831
g377@g.com,Abc.123832
g378@g.com,Abc.123833
g379@g.com,Abc.123834
g380@g.com,Abc.123835
g381@g.com,Abc.123836
g382@g.com,Abc.123837
g383@g.com,Abc.123838
g384@g.com,Abc.123839
g385@g.com,Abc.123840
g386@g.com,Abc.123841
g387@g.com,Abc.123842
g388@g.com,Abc.123843
g389@g.com,Abc.123844
g390@g.com,Abc.123845
g391@g.com,Abc.123846
g392@g.com,Abc.123847
g393@g.com,Abc.123848
g394@g.com,Abc.123849
g395@g.com,Abc.123850
g396@g.com,Abc.123851
g397@g.com,Abc.123852
g398@g.com,Abc.123853
g399@g.com,Abc.123854
g400@g.com,Abc.123855
g401@g.com,Abc.123856
g402@g.com,Abc.123857
g403@g.com,Abc.123858
g404@g.com,Abc.123859
g405@g.com,Abc.123860
g406@g.com,Abc.123861
g407@g.com,Abc.123862
g408@g.com,Abc.123863
g409@g.com,Abc.123864
g410@g.com,Abc.123865
g411@g.com,Abc.123866
g412@g.com,Abc.123867
g413@g.com,Abc.123868
g414@g.com,Abc.123869
g415@g.com,Abc.123870
g416@g.com,Abc.123871
g417@g.com,Abc.123872
g418@g.com,Abc.123873
g419@g.com,Abc.123874
g420@g.com,Abc.123875
g421@g.com,Abc.123876
g422@g.com,Abc.123877
g423@g.com,Abc.123878
g424@g.com,Abc.123879
g425@g.com,Abc.123880
g426@g.com,Abc.123881
g427@g.com,Abc.123882
g428@g.com,Abc.123883
g429@g.com,Abc.123884
g430@g.com,Abc.123885
g431@g.com,Abc.123886
g432@g.com,Abc.123887
g433@g.com,Abc.123888
g434@g.com,Abc.123889
g435@g.com,Abc.123890
g436@g.com,Abc.123891
g437@g.com,Abc.123892
g438@g.com,Abc.123893
g439@g.com,Abc.123894
g440@g.com,Abc.123895
g441@g.com,Abc.123896
g442@g.com,Abc.123897
g443@g.com,Abc.123898
g444@g.com,Abc.123899
g445@g.com,Abc.123900
g446@g.com,Abc.123901
g447@g.com,Abc.123902
g448@g.com,Abc.123903
g449@g.com,Abc.123904
g450@g.com,Abc.123905
g451@g.com,Abc.123906
g452@g.com,Abc.123907
g453@g.com,Abc.123908
g454@g.com,Abc.123909
g455@g.com,Abc.123910
g456@g.com,Abc.123911
g457@g.com,Abc.123912
g458@g.com,Abc.123913
g459@g.com,Abc.123914
g460@g.com,Abc.123915
g461@g.com,Abc.123916
g462@g.com,Abc.123917
g463@g.com,Abc.123918
g464@g.com,Abc.123919
g465@g.com,Abc.123920
g466@g.com,Abc.123921
g467@g.com,Abc.123922
g468@g.com,Abc.123923
g469@g.com,Abc.123924
g470@g.com,Abc.123925
g471@g.com,Abc.123926
g472@g.com,Abc.123927
g473@g.com,Abc.123928
g474@g.com,Abc.123929
g475@g.com,Abc.123930
g476@g.com,Abc.123931
g477@g.com,Abc.123932
g478@g.com,Abc.123933
g479@g.com,Abc.123934
g480@g.com,Abc.123935
g481@g.com,Abc.123936
g482@g.com,Abc.123937
g483@g.com,Abc.123938
g484@g.com,Abc.123939
g485@g.com,Abc.123940
g486@g.com,Abc.123941
g487@g.com,Abc.123942
g488@g.com,Abc.123943
g489@g.com,Abc.123944
g490@g.com,Abc.123945
g491@g.com,Abc.123946
g492@g.com,Abc.123947
g493@g.com,Abc.123948
g494@g.com,Abc.123949
g495@g.com,Abc.123950
g496@g.com,Abc.123951
g497@g.com,Abc.123952
g498@g.com,Abc.123953
g499@g.com,Abc.123954
g500@g.com,Abc.123955
g501@g.com,Abc.123956
g502@g.com,Abc.123957
g503@g.com,Abc.123958
g504@g.com,Abc.123959
g505@g.com,Abc.123960
g506@g.com,Abc.123961
g507@g.com,Abc.123962
g508@g.com,Abc.123963
g509@g.com,Abc.123964
g510@g.com,Abc.123965
g511@g.com,Abc.123966
g512@g.com,Abc.123967
g513@g.com,Abc.123968
g514@g.com,Abc.123969
g515@g.com,Abc.123970
g516@g.com,Abc.123971
g517@g.com,Abc.123972
g518@g.com,Abc.123973
g519@g.com,Abc.123974
g520@g.com,Abc.123975
g521@g.com,Abc.123976
g522@g.com,Abc.123977
g523@g.com,Abc.123978
g524@g.com,Abc.123979
g525@g.com,Abc.123980
g526@g.com,Abc.123981
g527@g.com,Abc.123982
g528@g.com,Abc.123983
g529@g.com,Abc.123984
g530@g.com,Abc.123985
g531@g.com,Abc.123986
g532@g.com,Abc.123987
g533@g.com,Abc.123988
g534@g.com,Abc.123989
g535@g.com,Abc.123990
g536@g.com,Abc.123991
g537@g.com,Abc.123992
g538@g.com,Abc.123993
g539@g.com,Abc.123994
g540@g.com,Abc.123995
g541@g.com,Abc.123996
g542@g.com,Abc.123997
g543@g.com,Abc.123998
g544@g.com,Abc.123999
g545@g.com,Abc.124000
g546@g.com,Abc.124001
g547@g.com,Abc.124002
g548@g.com,Abc.124003
g549@g.com,Abc.124004
g550@g.com,Abc.124005
g551@g.com,Abc.124006
g552@g.com,Abc.124007
g553@g.com,Abc.124008
g554@g.com,Abc.124009
g555@g.com,Abc.124010
g556@g.com,Abc.124011
g557@g.com,Abc.124012
g558@g.com,Abc.124013
g559@g.com,Abc.124014
g560@g.com,Abc.124015
g561@g.com,Abc.124016
g562@g.com,Abc.124017
g563@g.com,Abc.124018
g564@g.com,Abc.124019
g565@g.com,Abc.124020
g566@g.com,Abc.124021
g567@g.com,Abc.124022
g568@g.com,Abc.124023
g569@g.com,Abc.124024
g570@g.com,Abc.124025
g571@g.com,Abc.124026
g572@g.com,Abc.124027
g573@g.com,Abc.124028
g574@g.com,Abc.124029
g575@g.com,Abc.124030
g576@g.com,Abc.124031
g577@g.com,Abc.124032
g578@g.com,Abc.124033
g579@g.com,Abc.124034
g580@g.com,Abc.124035
g581@g.com,Abc.124036
g582@g.com,Abc.124037
g583@g.com,Abc.124038
g584@g.com,Abc.124039
g585@g.com,Abc.124040
g586@g.com,Abc.124041
g587@g.com,Abc.124042
g588@g.com,Abc.124043
g589@g.com,Abc.124044
g590@g.com,Abc.124045
g591@g.com,Abc.124046
g592@g.com,Abc.124047
g593@g.com,Abc.124048
g594@g.com,Abc.124049
g595@g.com,Abc.124050
g596@g.com,Abc.124051
g597@g.com,Abc.124052
g598@g.com,Abc.124053
g599@g.com,Abc.124054
g600@g.com,Abc.124055
g601@g.com,Abc.124056
g602@g.com,Abc.124057
g603@g.com,Abc.124058
g604@g.com,Abc.124059
g605@g.com,Abc.124060
g606@g.com,Abc.124061
g607@g.com,Abc.124062
g608@g.com,Abc.124063
g609@g.com,Abc.124064
g610@g.com,Abc.124065
g611@g.com,Abc.124066
g612@g.com,Abc.124067
g613@g.com,Abc.124068
g614@g.com,Abc.124069
g615@g.com,Abc.124070
g616@g.com,Abc.124071
g617@g.com,Abc.124072
g618@g.com,Abc.124073
g619@g.com,Abc.124074
g620@g.com,Abc.124075
g621@g.com,Abc.124076
g622@g.com,Abc.124077
g623@g.com,Abc.124078
g624@g.com,Abc.124079
g625@g.com,Abc.124080
g626@g.com,Abc.124081
g627@g.com,Abc.124082
g628@g.com,Abc.124083
g629@g.com,Abc.124084
g630@g.com,Abc.124085
g631@g.com,Abc.124086
g632@g.com,Abc.124087
g633@g.com,Abc.124088
g634@g.com,Abc.124089
g635@g.com,Abc.124090
g636@g.com,Abc.124091
g637@g.com,Abc.124092
g638@g.com,Abc.124093
g639@g.com,Abc.124094
g640@g.com,Abc.124095
g641@g.com,Abc.124096
g642@g.com,Abc.124097
g643@g.com,Abc.124098
g644@g.com,Abc.124099
g645@g.com,Abc.124100
g646@g.com,Abc.124101
g647@g.com,Abc.124102
g648@g.com,Abc.124103
g649@g.com,Abc.124104
g650@g.com,Abc.124105
g651@g.com,Abc.124106
g652@g.com,Abc.124107
g653@g.com,Abc.124108
g654@g.com,Abc.124109
g655@g.com,Abc.124110
g656@g.com,Abc.124111
g657@g.com,Abc.124112
g658@g.com,Abc.124113
g659@g.com,Abc.124114
g660@g.com,Abc.124115
g661@g.com,Abc.124116
g662@g.com,Abc.124117
g663@g.com,Abc.124118
g664@g.com,Abc.124119
g665@g.com,Abc.124120
g666@g.com,Abc.124121
g667@g.com,Abc.124122
g668@g.com,Abc.124123
g669@g.com,Abc.124124
g670@g.com,Abc.124125
g671@g.com,Abc.124126
g672@g.com,Abc.124127
g673@g.com,Abc.124128
g674@g.com,Abc.124129
g675@g.com,Abc.124130
g676@g.com,Abc.124131
g677@g.com,Abc.124132
g678@g.com,Abc.124133
g679@g.com,Abc.124134
g680@g.com,Abc.124135
g681@g.com,Abc.124136
g682@g.com,Abc.124137
g683@g.com,Abc.124138
g684@g.com,Abc.124139
g685@g.com,Abc.124140
g686@g.com,Abc.124141
g687@g.com,Abc.124142
g688@g.com,Abc.124143
g689@g.com,Abc.124144
g690@g.com,Abc.124145
g691@g.com,Abc.124146
g692@g.com,Abc.124147
g693@g.com,Abc.124148
g694@g.com,Abc.124149
g695@g.com,Abc.124150
g696@g.com,Abc.124151
g697@g.com,Abc.124152
g698@g.com,Abc.124153
g699@g.com,Abc.124154
g700@g.com,Abc.124155
g701@g.com,Abc.124156
g702@g.com,Abc.124157
g703@g.com,Abc.124158
g704@g.com,Abc.124159
g705@g.com,Abc.124160
g706@g.com,Abc.124161
g707@g.com,Abc.124162
g708@g.com,Abc.124163
g709@g.com,Abc.124164
g710@g.com,Abc.124165
g711@g.com,Abc.124166
g712@g.com,Abc.124167
g713@g.com,Abc.124168
g714@g.com,Abc.124169
g715@g.com,Abc.124170
g716@g.com,Abc.124171
g717@g.com,Abc.124172
g718@g.com,Abc.124173
g719@g.com,Abc.124174
g720@g.com,Abc.124175
g721@g.com,Abc.124176
g722@g.com,Abc.124177
g723@g.com,Abc.124178
g724@g.com,Abc.124179
g725@g.com,Abc.124180
g726@g.com,Abc.124181
g727@g.com,Abc.124182
g728@g.com,Abc.124183
g729@g.com,Abc.124184
g730@g.com,Abc.124185
g731@g.com,Abc.124186
g732@g.com,Abc.124187
g733@g.com,Abc.124188
g734@g.com,Abc.124189
g735@g.com,Abc.124190
g736@g.com,Abc.124191
g737@g.com,Abc.124192
g738@g.com,Abc.124193
g739@g.com,Abc.124194
g740@g.com,Abc.124195
g741@g.com,Abc.124196
g742@g.com,Abc.124197
g743@g.com,Abc.124198
g744@g.com,Abc.124199
g745@g.com,Abc.124200
g746@g.com,Abc.124201
g747@g.com,Abc.124202
g748@g.com,Abc.124203
g749@g.com,Abc.124204
g750@g.com,Abc.124205
g751@g.com,Abc.124206
g752@g.com,Abc.124207
g753@g.com,Abc.124208
g754@g.com,Abc.124209
g755@g.com,Abc.124210
g756@g.com,Abc.124211
g757@g.com,Abc.124212
g758@g.com,Abc.124213
g759@g.com,Abc.124214
g760@g.com,Abc.124215
g761@g.com,Abc.124216
g762@g.com,Abc.124217
g763@g.com,Abc.124218
g764@g.com,Abc.124219
g765@g.com,Abc.124220
g766@g.com,Abc.124221
g767@g.com,Abc.124222
g768@g.com,Abc.124223
g769@g.com,Abc.124224
g770@g.com,Abc.124225
g771@g.com,Abc.124226
g772@g.com,Abc.124227
g773@g.com,Abc.124228
g774@g.com,Abc.124229
g775@g.com,Abc.124230
g776@g.com,Abc.124231
g777@g.com,Abc.124232
g778@g.com,Abc.124233
g779@g.com,Abc.124234
g780@g.com,Abc.124235
g781@g.com,Abc.124236
g782@g.com,Abc.124237
g783@g.com,Abc.124238
g784@g.com,Abc.124239
g785@g.com,Abc.124240
g786@g.com,Abc.124241
g787@g.com,Abc.124242
g788@g.com,Abc.124243
g789@g.com,Abc.124244
g790@g.com,Abc.124245
g791@g.com,Abc.124246
g792@g.com,Abc.124247
g793@g.com,Abc.124248
g794@g.com,Abc.124249
g795@g.com,Abc.124250
g796@g.com,Abc.124251
g797@g.com,Abc.124252
g798@g.com,Abc.124253
g799@g.com,Abc.124254
g800@g.com,Abc.124255
g801@g.com,Abc.124256
g802@g.com,Abc.124257
g803@g.com,Abc.124258
g804@g.com,Abc.124259
g805@g.com,Abc.124260
g806@g.com,Abc.124261
g807@g.com,Abc.124262
g808@g.com,Abc.124263
g809@g.com,Abc.124264
g810@g.com,Abc.124265
g811@g.com,Abc.124266
g812@g.com,Abc.124267
g813@g.com,Abc.124268
g814@g.com,Abc.124269
g815@g.com,Abc.124270
g816@g.com,Abc.124271
g817@g.com,Abc.124272
g818@g.com,Abc.124273
g819@g.com,Abc.124274
g820@g.com,Abc.124275
g821@g.com,Abc.124276
g822@g.com,Abc.124277
g823@g.com,Abc.124278
g824@g.com,Abc.124279
g825@g.com,Abc.124280
g826@g.com,Abc.124281
g827@g.com,Abc.124282
g828@g.com,Abc.124283
g829@g.com,Abc.124284
g830@g.com,Abc.124285
g831@g.com,Abc.124286
g832@g.com,Abc.124287
g833@g.com,Abc.124288
g834@g.com,Abc.124289
g835@g.com,Abc.124290
g836@g.com,Abc.124291
g837@g.com,Abc.124292
g838@g.com,Abc.124293
g839@g.com,Abc.124294
g840@g.com,Abc.124295
g841@g.com,Abc.124296
g842@g.com,Abc.124297
g843@g.com,Abc.124298
g844@g.com,Abc.124299
g845@g.com,Abc.124300
g846@g.com,Abc.124301
g847@g.com,Abc.124302
g848@g.com,Abc.124303
g849@g.com,Abc.124304
g850@g.com,Abc.124305
g851@g.com,Abc.124306
g852@g.com,Abc.124307
g853@g.com,Abc.124308
g854@g.com,Abc.124309
g855@g.com,Abc.124310
g856@g.com,Abc.124311
g857@g.com,Abc.124312
g858@g.com,Abc.124313
g859@g.com,Abc.124314
g860@g.com,Abc.124315
g861@g.com,Abc.124316
g862@g.com,Abc.124317
g863@g.com,Abc.124318
g864@g.com,Abc.124319
g865@g.com,Abc.124320
g866@g.com,Abc.124321
g867@g.com,Abc.124322
g868@g.com,Abc.124323
g869@g.com,Abc.124324
g870@g.com,Abc.124325
g871@g.com,Abc.124326
g872@g.com,Abc.124327
g873@g.com,Abc.124328
g874@g.com,Abc.124329
g875@g.com,Abc.124330
g876@g.com,Abc.124331
g877@g.com,Abc.124332
g878@g.com,Abc.124333
g879@g.com,Abc.124334
g880@g.com,Abc.124335
g881@g.com,Abc.124336
g882@g.com,Abc.124337
g883@g.com,Abc.124338
g884@g.com,Abc.124339
g885@g.com,Abc.124340
g886@g.com,Abc.124341
g887@g.com,Abc.124342
g888@g.com,Abc.124343
g889@g.com,Abc.124344
g890@g.com,Abc.124345
g891@g.com,Abc.124346
g892@g.com,Abc.124347
g893@g.com,Abc.124348
g894@g.com,Abc.124349
g895@g.com,Abc.124350
g896@g.com,Abc.124351
g897@g.com,Abc.124352
g898@g.com,Abc.124353
g899@g.com,Abc.124354
g900@g.com,Abc.124355
g901@g.com,Abc.124356
g902@g.com,Abc.124357
g903@g.com,Abc.124358
g904@g.com,Abc.124359
g905@g.com,Abc.124360
g906@g.com,Abc.124361
g907@g.com,Abc.124362
g908@g.com,Abc.124363
g909@g.com,Abc.124364
g910@g.com,Abc.124365
g911@g.com,Abc.124366
g912@g.com,Abc.124367
g913@g.com,Abc.124368
g914@g.com,Abc.124369
g915@g.com,Abc.124370
g916@g.com,Abc.124371
g917@g.com,Abc.124372
g918@g.com,Abc.124373
g919@g.com,Abc.124374
g920@g.com,Abc.124375
g921@g.com,Abc.124376
g922@g.com,Abc.124377
g923@g.com,Abc.124378
g924@g.com,Abc.124379
g925@g.com,Abc.124380
g926@g.com,Abc.124381
g927@g.com,Abc.124382
g928@g.com,Abc.124383
g929@g.com,Abc.124384
g930@g.com,Abc.124385
g931@g.com,Abc.124386
g932@g.com,Abc.124387
g933@g.com,Abc.124388
g934@g.com,Abc.124389
g935@g.com,Abc.124390
g936@g.com,Abc.124391
g937@g.com,Abc.124392
g938@g.com,Abc.124393
g939@g.com,Abc.124394
g940@g.com,Abc.124395
g941@g.com,Abc.124396
g942@g.com,Abc.124397
g943@g.com,Abc.124398
g944@g.com,Abc.124399
g945@g.com,Abc.124400
g946@g.com,Abc.124401
g947@g.com,Abc.124402
g948@g.com,Abc.124403
g949@g.com,Abc.124404
g950@g.com,Abc.124405
g951@g.com,Abc.124406
g952@g.com,Abc.124407
g953@g.com,Abc.124408
g954@g.com,Abc.124409
g955@g.com,Abc.124410
g956@g.com,Abc.124411
g957@g.com,Abc.124412
g958@g.com,Abc.124413
g959@g.com,Abc.124414
g960@g.com,Abc.124415
g961@g.com,Abc.124416
g962@g.com,Abc.124417
g963@g.com,Abc.124418
g964@g.com,Abc.124419
g965@g.com,Abc.124420
g966@g.com,Abc.124421
g967@g.com,Abc.124422
g968@g.com,Abc.124423
g969@g.com,Abc.124424
g970@g.com,Abc.124425
g971@g.com,Abc.124426
g972@g.com,Abc.124427
g973@g.com,Abc.124428
g974@g.com,Abc.124429
g975@g.com,Abc.124430
g976@g.com,Abc.124431
g977@g.com,Abc.124432
g978@g.com,Abc.124433
g979@g.com,Abc.124434
g980@g.com,Abc.124435
g981@g.com,Abc.124436
g982@g.com,Abc.124437
g983@g.com,Abc.124438
g984@g.com,Abc.124439
g985@g.com,Abc.124440
g986@g.com,Abc.124441
g987@g.com,Abc.124442
g988@g.com,Abc.124443
g989@g.com,Abc.124444
g990@g.com,Abc.124445
g991@g.com,Abc.124446
g992@g.com,Abc.124447
g993@g.com,Abc.124448
g994@g.com,Abc.124449
g995@g.com,Abc.124450
g996@g.com,Abc.124451
g997@g.com,Abc.124452
g998@g.com,Abc.124453
g999@g.com,Abc.124454
g1000@g.com,Abc.124455
